-- MySQL dump 10.13  Distrib 8.0.34, for Win64 (x86_64)
--
-- Host: localhost    Database: X_blog
-- ------------------------------------------------------
-- Server version	8.0.34

/*!40101 SET @OLD_CHARACTER_SET_CLIENT=@@CHARACTER_SET_CLIENT */;
/*!40101 SET @OLD_CHARACTER_SET_RESULTS=@@CHARACTER_SET_RESULTS */;
/*!40101 SET @OLD_COLLATION_CONNECTION=@@COLLATION_CONNECTION */;
/*!50503 SET NAMES utf8mb4 */;
/*!40103 SET @OLD_TIME_ZONE=@@TIME_ZONE */;
/*!40103 SET TIME_ZONE='+00:00' */;
/*!40014 SET @OLD_UNIQUE_CHECKS=@@UNIQUE_CHECKS, UNIQUE_CHECKS=0 */;
/*!40014 SET @OLD_FOREIGN_KEY_CHECKS=@@FOREIGN_KEY_CHECKS, FOREIGN_KEY_CHECKS=0 */;
/*!40101 SET @OLD_SQL_MODE=@@SQL_MODE, SQL_MODE='NO_AUTO_VALUE_ON_ZERO' */;
/*!40111 SET @OLD_SQL_NOTES=@@SQL_NOTES, SQL_NOTES=0 */;

--
-- Table structure for table `follow`
--

DROP TABLE IF EXISTS `follow`;
/*!40101 SET @saved_cs_client     = @@character_set_client */;
/*!50503 SET character_set_client = utf8mb4 */;
CREATE TABLE `follow` (
  `follow_no` int NOT NULL AUTO_INCREMENT,
  `following` int NOT NULL,
  `followed` int NOT NULL,
  PRIMARY KEY (`follow_no`),
  KEY `following` (`following`),
  KEY `followed` (`followed`),
  CONSTRAINT `follow_ibfk_1` FOREIGN KEY (`following`) REFERENCES `user` (`user_no`),
  CONSTRAINT `follow_ibfk_2` FOREIGN KEY (`followed`) REFERENCES `user` (`user_no`)
) ENGINE=InnoDB AUTO_INCREMENT=280 DEFAULT CHARSET=utf8mb4 COLLATE=utf8mb4_0900_ai_ci;
/*!40101 SET character_set_client = @saved_cs_client */;

--
-- Dumping data for table `follow`
--

LOCK TABLES `follow` WRITE;
/*!40000 ALTER TABLE `follow` DISABLE KEYS */;
INSERT INTO `follow` VALUES (234,3,5),(235,4,3),(236,2,3),(245,5,4),(254,3,4),(262,2,4),(265,5,2),(266,1,2),(267,2,1),(275,1,4),(277,1,5),(278,1,3),(279,1,17);
/*!40000 ALTER TABLE `follow` ENABLE KEYS */;
UNLOCK TABLES;

--
-- Table structure for table `notice`
--

DROP TABLE IF EXISTS `notice`;
/*!40101 SET @saved_cs_client     = @@character_set_client */;
/*!50503 SET character_set_client = utf8mb4 */;
CREATE TABLE `notice` (
  `notice_no` int NOT NULL AUTO_INCREMENT,
  `tweet_no` int NOT NULL,
  `user_no` int NOT NULL,
  `confirm` int NOT NULL,
  PRIMARY KEY (`notice_no`),
  KEY `tweet_no` (`tweet_no`),
  KEY `user_no` (`user_no`),
  CONSTRAINT `notice_ibfk_1` FOREIGN KEY (`tweet_no`) REFERENCES `tweet` (`tweet_no`),
  CONSTRAINT `notice_ibfk_2` FOREIGN KEY (`user_no`) REFERENCES `user` (`user_no`)
) ENGINE=InnoDB AUTO_INCREMENT=265 DEFAULT CHARSET=utf8mb4 COLLATE=utf8mb4_0900_ai_ci;
/*!40101 SET character_set_client = @saved_cs_client */;

--
-- Dumping data for table `notice`
--

LOCK TABLES `notice` WRITE;
/*!40000 ALTER TABLE `notice` DISABLE KEYS */;
INSERT INTO `notice` VALUES (202,6,1,1),(203,8,3,1),(204,8,4,1),(205,9,1,1),(206,17,2,1),(207,21,1,1),(208,22,4,1),(209,22,3,1),(210,22,1,1),(211,25,4,1),(212,38,1,1),(213,45,3,1),(214,46,1,1),(215,49,4,1),(216,56,2,1),(217,57,2,1),(218,58,2,1),(219,59,2,1),(220,59,3,1),(221,59,4,1),(222,59,5,1),(223,60,5,1),(224,61,4,1),(225,61,5,1),(226,62,4,1),(227,62,5,1),(228,79,2,1),(229,100,2,1),(230,100,3,1),(231,100,5,1),(232,106,1,1),(233,107,2,1),(234,107,3,1),(235,107,4,0),(236,108,2,1),(237,108,4,0),(238,110,1,1),(239,110,2,1),(240,110,3,1),(241,110,4,0),(242,113,1,1),(243,116,1,1),(244,117,1,1),(245,261,1,1),(246,268,4,0),(247,269,4,0),(248,270,5,1),(249,271,5,1),(250,272,5,1),(251,275,2,1),(252,281,2,0),(253,282,3,1),(254,334,1,1),(255,334,2,0),(256,334,3,1),(257,335,1,1),(258,335,2,0),(259,335,3,1),(260,342,2,0),(261,343,17,0),(262,345,1,1),(263,346,1,1),(264,348,2,0);
/*!40000 ALTER TABLE `notice` ENABLE KEYS */;
UNLOCK TABLES;

--
-- Table structure for table `tweet`
--

DROP TABLE IF EXISTS `tweet`;
/*!40101 SET @saved_cs_client     = @@character_set_client */;
/*!50503 SET character_set_client = utf8mb4 */;
CREATE TABLE `tweet` (
  `tweet_no` int NOT NULL AUTO_INCREMENT,
  `date` char(10) NOT NULL,
  `time` char(8) NOT NULL,
  `content` varchar(10000) NOT NULL,
  `id_name` varchar(16) NOT NULL,
  `free_name` varchar(80) NOT NULL,
  `user_no` int NOT NULL,
  PRIMARY KEY (`tweet_no`),
  KEY `user_no` (`user_no`),
  CONSTRAINT `tweet_ibfk_1` FOREIGN KEY (`user_no`) REFERENCES `user` (`user_no`)
) ENGINE=InnoDB AUTO_INCREMENT=349 DEFAULT CHARSET=utf8mb4 COLLATE=utf8mb4_0900_ai_ci;
/*!40101 SET character_set_client = @saved_cs_client */;

--
-- Dumping data for table `tweet`
--

LOCK TABLES `tweet` WRITE;
/*!40000 ALTER TABLE `tweet` DISABLE KEYS */;
INSERT INTO `tweet` VALUES (1,'2024-01-29','10:41:01','最初に発言させておけばバグは防げそう ','Xblog','Xblog',0),(5,'2024-01-29','10:43:02','deleted','Xblog','Xblog',0),(6,'2024-01-29','10:43:18','deleted','Xblog','Xblog',0),(7,'2024-01-29','10:43:36','deleted','Xblog','Xblog',0),(8,'2024-01-29','10:44:10','deleted','Xblog','Xblog',0),(9,'2024-01-29','10:44:29','お知らせ：<a href=\'my_timeline.php?user_no=5\'>@user05</a> さんにフォローされました。','Xblog','Xblog',0),(11,'2024-01-29','10:46:05','deleted','Xblog','Xblog',0),(12,'2024-01-29','10:46:26','deleted','Xblog','Xblog',0),(13,'2024-01-29','10:46:34','deleted','Xblog','Xblog',0),(14,'2024-01-29','10:46:39','deleted','Xblog','Xblog',0),(15,'2024-01-29','10:46:46','deleted','Xblog','Xblog',0),(16,'2024-01-29','10:46:59','deleted','Xblog','Xblog',0),(17,'2024-01-29','10:47:51','deleted','Xblog','Xblog',0),(19,'2024-01-29','10:50:04','deleted','Xblog','Xblog',0),(20,'2024-01-29','10:50:26','deleted','Xblog','Xblog',0),(21,'2024-01-29','10:50:54','deleted','Xblog','Xblog',0),(22,'2024-01-29','10:52:05','deleted','Xblog','Xblog',0),(23,'2024-01-29','10:53:10','deleted','Xblog','Xblog',0),(24,'2024-01-29','10:53:34','deleted','Xblog','Xblog',0),(25,'2024-01-29','10:54:40','お知らせ：<a href=\'my_timeline.php?user_no=1\'>@user01</a> さんにフォローされました。','Xblog','Xblog',0),(26,'2024-01-29','10:55:12','deleted','Xblog','Xblog',0),(27,'2024-01-29','10:55:14','deleted','Xblog','Xblog',0),(28,'2024-01-29','10:55:15','deleted','Xblog','Xblog',0),(29,'2024-01-29','10:55:17','deleted','Xblog','Xblog',0),(30,'2024-01-29','10:55:19','deleted','Xblog','Xblog',0),(31,'2024-01-29','10:55:46','deleted','Xblog','Xblog',0),(32,'2024-01-29','10:55:48','deleted','Xblog','Xblog',0),(33,'2024-01-29','10:55:49','deleted','Xblog','Xblog',0),(34,'2024-01-29','10:55:51','deleted','Xblog','Xblog',0),(35,'2024-01-29','10:55:53','deleted','Xblog','Xblog',0),(36,'2024-01-29','10:56:16','deleted','Xblog','Xblog',0),(37,'2024-01-29','10:56:47','deleted','Xblog','Xblog',0),(38,'2024-01-29','10:57:14','deleted','Xblog','Xblog',0),(45,'2024-01-29','10:59:52','お知らせ：<a href=\'my_timeline.php?user_no=1\'>@user01</a> さんにフォローされました。','Xblog','Xblog',0),(46,'2024-01-31','11:02:15','お知らせ：<a href=\'my_timeline.php?user_no=2\'>@user02</a> さんにフォローされました。','Xblog','Xblog',0),(47,'2024-01-31','11:07:19','deleted','Xblog','Xblog',0),(48,'2024-01-31','11:11:02','deleted','Xblog','Xblog',0),(49,'2024-01-31','11:16:08','お知らせ：<a href=\'my_timeline.php?user_no=2\'>@user02</a> さんにフォローされました。','Xblog','Xblog',0),(55,'2024-01-31','14:32:42','deleted','Xblog','Xblog',0),(56,'2024-01-31','14:39:32','お知らせ：<a href=\'my_timeline.php?user_no=5\'>@user05</a> さんにフォローされました。','Xblog','Xblog',0),(57,'2024-01-31','14:39:45','お知らせ：<a href=\'my_timeline.php?user_no=5\'>@user05</a> さんにフォローされました。','Xblog','Xblog',0),(58,'2024-01-31','14:40:06','お知らせ：<a href=\'my_timeline.php?user_no=5\'>@user05</a> さんにフォローされました。','Xblog','Xblog',0),(59,'2024-01-31','16:46:21','deleted','Xblog','Xblog',0),(60,'2024-01-31','16:51:46','deleted','Xblog','Xblog',0),(61,'2024-01-31','16:58:52','deleted','Xblog','Xblog',0),(62,'2024-01-31','16:59:06','deleted','Xblog','Xblog',0),(63,'2024-01-31','17:19:14','deleted','Xblog','Xblog',0),(64,'2024-01-31','17:25:55','deleted','Xblog','Xblog',0),(65,'2024-01-31','18:14:08','deleted','Xblog','Xblog',0),(66,'2024-01-31','18:55:35','deleted','Xblog','Xblog',0),(67,'2024-01-31','18:55:37','deleted','Xblog','Xblog',0),(68,'2024-01-31','18:55:39','deleted','Xblog','Xblog',0),(69,'2024-01-31','18:56:35','deleted','Xblog','Xblog',0),(70,'2024-01-31','18:56:43','deleted','Xblog','Xblog',0),(71,'2024-01-31','19:06:36','deleted','Xblog','Xblog',0),(72,'2024-01-31','19:09:47','deleted','Xblog','Xblog',0),(73,'2024-01-31','19:13:09','deleted','Xblog','Xblog',0),(74,'2024-01-31','19:13:11','deleted','Xblog','Xblog',0),(75,'2024-01-31','19:13:15','deleted','Xblog','Xblog',0),(76,'2024-01-31','19:18:25','deleted','Xblog','Xblog',0),(77,'2024-01-31','19:18:28','deleted','Xblog','Xblog',0),(78,'2024-01-31','19:25:33','deleted','Xblog','Xblog',0),(79,'2024-01-31','19:29:14','お知らせ：<a href=\'my_timeline.php?user_no=1\'>@user01</a> さんにフォローされました。','Xblog','Xblog',0),(80,'2024-01-31','19:34:03','deleted','Xblog','Xblog',0),(81,'2024-01-31','21:31:35','どうしようか ','user15','user15',13),(82,'2024-01-31','21:31:51','な ','user15','user15',13),(83,'2024-01-31','21:32:22','deleted','Xblog','Xblog',0),(84,'2024-01-31','21:32:45','発言 ','user06','user06',7),(85,'2024-01-31','21:48:30','はう ','user11','user11',11),(86,'2024-01-31','21:51:55','deleted','Xblog','Xblog',0),(87,'2024-02-01','00:14:24','スクリプトを記述する際には、オートインクリメント機能によって自動採番された値を取得し、後続の処理を行いたいケースもあるでしょう。このようなケースでは、lastInsertIdメソッドを利用するのが便利です。 ','user07','user07',8),(88,'2024-02-01','00:27:22','break命令を省略して、複数のcase句を続けて実行することをフォールスルーと言います。ただし、フォールスルーは一般的にコードを読みにくくする原因となるので、リスト4.11のような例外を除いては避けるべきです。その例外とは、文を挟まずに複数のcase句を列記する場合です。 ','user07','user07',8),(89,'2024-02-01','00:30:41','$rank = \'甲\';<br>$result = match($rank) {  <br>　\'甲\' =&gt; \'大変良いです。\',  <br>　\'乙\' =&gt; \'良いです。\',  <br>　\'丙\' =&gt; \'もう少しがんばりましょう。<br>} ','user07','user07',8),(90,'2024-02-01','00:43:39','カンマ演算子<br><br>for ($i = 1, $j = 1; $result = $i * $j, $i &lt; 6; $i++, $j++) <br><br>{  print \"{$i}×{$j}＝{$result}&lt;br /&gt;\";} ','user07','user07',8),(91,'2024-02-01','01:02:08','値変数の参照渡し<br><br>$data = [\'高江\', \'掛谷\', \'日尾\', \'薄井\', \'和田\'];<br><br>foreach ($data as &amp;$value) {  <br>　$value = \'New\' . $value;}<br><br>print_r($data);  <br>// 結果：Array( [0] =&gt; New高江 [1] =&gt; New掛谷 [2] =&gt; New日尾 [3] =&gt; New薄井 [4] =&gt; New和田 ) ','user07','user07',8),(92,'2024-02-01','07:01:25','考えこんではいけないのである。考えるだけで引きこまれることもあるまいと人は信じているが、実は考えることだけが引きこむのだ。思考の気ままさの中には、あらゆる気ままさが含まれている。考えこまないことが、最高の能力である。 ','user04','04竹内1ss',4),(93,'2024-02-01','07:15:37','現代の世界にはさまざまな特徴が見られるが、なかでも、努力と努力の結果との関連を具体的に考えられなくなっている点を忘れないでおきたい。あまりにも中間に立つものが多すぎるのである。 ','user04','04竹内1ss',4),(94,'2024-02-01','07:35:49','研究の方法。何かを考えたらすぐに、どういう意味あいにおいて、その反対も真実であるのかをさぐってみること。 ','user04','04竹内1ss',4),(95,'2024-02-01','07:45:46','deleted','Xblog','Xblog',0),(96,'2024-02-01','08:17:58','条件演算子（?:）<br><br>$score = 75;print $score &gt;= 70 ? \'合格！\' : \'不合格...\';    <br><br>// 結果：合格！ ','user07','user07',8),(97,'2024-02-01','08:22:39','null合体演算子<br><br>//$message = \'こんにちは！\'; <br>print $message ?? \'ノーコメント\';    // 結果：ノーコメント<br><br>print isset($message) ? $message : \'ノーコメント\';<br>の略 ','user07','user07',8),(98,'2024-02-01','08:38:37','bindValueメソッドによく似たメソッドとして、bindParamメソッドがあります。<br>両者は混同されがちですが、bindValueメソッドが値を直接バインドするのに対して、bindParamメソッドは指定された変数の参照をバインドします。言い換えれば、bindParamメソッドによってバインドされた変数の内容は、（バインドされたその瞬間ではなく）executeメソッドが呼び出されたタイミングで評価されるということです。 ','07PHP','user07',8),(99,'2024-02-01','12:00:09','deleted','Xblog','Xblog',0),(100,'2024-02-02','09:47:59','deleted','Xblog','Xblog',0),(101,'2024-02-02','10:09:31','deleted','Xblog','Xblog',0),(102,'2024-02-02','13:51:11','deleted','Xblog','Xblog',0),(103,'2024-02-03','10:24:53','deleted','Xblog','Xblog',0),(104,'2024-02-03','10:46:25','deleted','Xblog','Xblog',0),(105,'2024-02-04','11:36:03','ぬるい海に溶ける月 ','user08','user08',9),(106,'2024-02-04','13:44:39','お知らせ：<a href=\'my_timeline.php?user_no=2\'>@user02</a> さんにフォローされました。','Xblog','Xblog',0),(107,'2024-02-04','14:19:51','deleted','Xblog','Xblog',0),(108,'2024-02-04','14:20:19','deleted','Xblog','Xblog',0),(109,'2024-02-04','14:38:57','    require_once(\"./DBInfo.php\");<br>    $pdo = new PDO(DBInfo::DNS, DBInfo::USER, DBInfo::PASSWORD);<br>    $pdo-&gt;setAttribute(PDO::ATTR_ERRMODE, PDO::ERRMODE_EXCEPTION);<br><br>の２行目３行目を\"./DBInfo.php\"に含めてしまうのは？ ','user03','03大泉',3),(110,'2024-02-04','17:10:07','deleted','Xblog','Xblog',0),(111,'2024-02-04','19:06:30','deleted','Xblog','Xblog',0),(112,'2024-02-04','19:14:08','deleted','Xblog','Xblog',0),(113,'2024-02-04','19:14:24','deleted','Xblog','Xblog',0),(114,'2024-02-04','19:14:37','deleted','Xblog','Xblog',0),(115,'2024-02-04','19:16:10','deleted','Xblog','Xblog',0),(116,'2024-02-04','19:17:27','deleted','Xblog','Xblog',0),(117,'2024-02-04','19:17:58','deleted','Xblog','Xblog',0),(118,'2024-02-04','19:20:27','deleted','Xblog','Xblog',0),(119,'2024-02-04','19:20:39','deleted','Xblog','Xblog',0),(120,'2024-02-04','19:25:14','deleted','Xblog','Xblog',0),(261,'2024-02-04','19:40:46','deleted','Xblog','Xblog',0),(268,'2024-02-04','20:23:14','お知らせ：<a href=\'my_timeline.php?user_no=1\'>@user01</a> さんにフォローされました。','Xblog','Xblog',0),(269,'2024-02-04','20:23:21','お知らせ：<a href=\'my_timeline.php?user_no=1\'>@user01</a> さんにフォローされました。','Xblog','Xblog',0),(270,'2024-02-04','20:23:59','deleted','Xblog','Xblog',0),(271,'2024-02-04','20:24:04','お知らせ：<a href=\'my_timeline.php?user_no=1\'>@user01</a> さんにフォローされました。','Xblog','Xblog',0),(272,'2024-02-04','20:24:11','お知らせ：<a href=\'my_timeline.php?user_no=1\'>@user01</a> さんにフォローされました。','Xblog','Xblog',0),(273,'2024-02-04','20:26:39','deleted','Xblog','Xblog',0),(274,'2024-02-04','20:27:31','deleted','Xblog','Xblog',0),(275,'2024-02-04','22:06:11','deleted','Xblog','Xblog',0),(276,'2024-02-04','22:06:54','deleted','Xblog','Xblog',0),(277,'2024-02-04','22:06:58','deleted','Xblog','Xblog',0),(278,'2024-02-04','22:17:48','deleted','Xblog','Xblog',0),(279,'2024-02-04','22:18:04','deleted','Xblog','Xblog',0),(280,'2024-02-04','22:20:18','deleted','Xblog','Xblog',0),(281,'2024-02-04','22:47:28','deleted','Xblog','Xblog',0),(282,'2024-02-04','22:48:50','deleted','Xblog','Xblog',0),(284,'2024-02-04','22:56:06','deleted','Xblog','Xblog',0),(285,'2024-02-04','22:56:22','deleted','Xblog','Xblog',0),(286,'2024-02-04','22:57:28','deleted','Xblog','Xblog',0),(287,'2024-02-04','22:57:30','deleted','Xblog','Xblog',0),(288,'2024-02-04','22:57:31','deleted','Xblog','Xblog',0),(289,'2024-02-04','22:59:33','deleted','Xblog','Xblog',0),(290,'2024-02-04','22:59:35','deleted','Xblog','Xblog',0),(291,'2024-02-04','22:59:37','deleted','Xblog','Xblog',0),(292,'2024-02-04','22:59:54','deleted','Xblog','Xblog',0),(293,'2024-02-04','22:59:58','deleted','Xblog','Xblog',0),(294,'2024-02-04','23:00:27','deleted','Xblog','Xblog',0),(295,'2024-02-04','23:00:29','deleted','Xblog','Xblog',0),(296,'2024-02-04','23:04:42','deleted','Xblog','Xblog',0),(297,'2024-02-04','23:04:45','deleted','Xblog','Xblog',0),(298,'2024-02-04','23:04:47','deleted','Xblog','Xblog',0),(299,'2024-02-04','23:04:48','deleted','Xblog','Xblog',0),(300,'2024-02-04','23:08:21','deleted','Xblog','Xblog',0),(301,'2024-02-04','23:08:24','deleted','Xblog','Xblog',0),(302,'2024-02-04','23:09:07','deleted','Xblog','Xblog',0),(303,'2024-02-04','23:09:09','deleted','Xblog','Xblog',0),(304,'2024-02-04','23:09:21','deleted','Xblog','Xblog',0),(305,'2024-02-04','23:11:18','deleted','Xblog','Xblog',0),(306,'2024-02-04','23:11:20','deleted','Xblog','Xblog',0),(307,'2024-02-04','23:11:22','deleted','Xblog','Xblog',0),(308,'2024-02-04','23:12:00','deleted','Xblog','Xblog',0),(309,'2024-02-04','23:14:09','deleted','Xblog','Xblog',0),(310,'2024-02-04','23:14:11','deleted','Xblog','Xblog',0),(311,'2024-02-04','23:14:20','deleted','Xblog','Xblog',0),(312,'2024-02-04','23:14:22','deleted','Xblog','Xblog',0),(313,'2024-02-04','23:14:24','deleted','Xblog','Xblog',0),(314,'2024-02-04','23:19:38','deleted','Xblog','Xblog',0),(315,'2024-02-04','23:19:40','deleted','Xblog','Xblog',0),(316,'2024-02-04','23:20:59','deleted','Xblog','Xblog',0),(317,'2024-02-04','23:21:02','deleted','Xblog','Xblog',0),(318,'2024-02-04','23:21:04','deleted','Xblog','Xblog',0),(319,'2024-02-04','23:23:08','deleted','Xblog','Xblog',0),(320,'2024-02-04','23:23:09','deleted','Xblog','Xblog',0),(321,'2024-02-04','23:26:36','deleted','Xblog','Xblog',0),(322,'2024-02-04','23:32:53','deleted','Xblog','Xblog',0),(323,'2024-02-04','23:39:31','deleted','Xblog','Xblog',0),(324,'2024-02-04','23:39:41','deleted','Xblog','Xblog',0),(325,'2024-02-04','23:39:43','deleted','Xblog','Xblog',0),(326,'2024-02-04','23:47:03','deleted','Xblog','Xblog',0),(327,'2024-02-04','23:48:14','deleted','Xblog','Xblog',0),(328,'2024-02-04','23:52:46','deleted','Xblog','Xblog',0),(329,'2024-02-04','23:53:26','あうふ ','user01','&lt;&lt;&lt;&lt;&lt;',1),(330,'2024-02-04','23:54:15','deleted','Xblog','Xblog',0),(331,'2024-02-04','23:54:18','deleted','Xblog','Xblog',0),(332,'2024-02-04','23:55:04','deleted','Xblog','Xblog',0),(333,'2024-02-04','23:55:15','deleted','Xblog','Xblog',0),(334,'2024-02-05','00:04:33','<a href=\'my_timeline.php?user_no=1\'>@user01</a><br><a href=\'my_timeline.php?user_no=2\'>@user02</a><br><a href=\'my_timeline.php?user_no=3\'>@user03</a> ','user01','&lt;&lt;&lt;&lt;&lt;',1),(335,'2024-02-05','10:51:04','deleted','Xblog','Xblog',0),(336,'2024-02-05','10:51:53','deleted','Xblog','Xblog',0),(337,'2024-02-05','12:11:28','deleted','Xblog','Xblog',0),(338,'2024-02-05','12:52:27','きくらげ ','user9999','アルバトロス',17),(339,'2024-02-05','12:52:54','user01 ','user9999','アルバトロス',17),(340,'2024-02-05','12:53:08','@user01 ','user9999','アルバトロス',17),(341,'2024-02-05','12:54:05','@user01 ','user04','04竹内1ss',4),(342,'2024-02-05','12:54:17','<a href=\'my_timeline.php?user_no=2\'>@user02</a> ','user04','04竹内1ss',4),(343,'2024-02-05','12:55:01','deleted','Xblog','Xblog',0),(345,'2024-02-05','13:10:03','deleted','Xblog','Xblog',0),(346,'2024-02-05','13:55:26','<a href=\'my_timeline.php?user_no=1\'>@user01</a>     <a href=\'my_timeline.php?user_no=1\'>@user01</a> ','user01','&lt;&lt;&lt;&lt;&lt;&lt;&lt;&lt;&lt;&lt;&lt;&lt;&lt;&lt;&lt;&lt;&lt;&lt;&lt;&lt;',1),(347,'2024-02-05','14:37:30','サーバ ','user01','&lt;&lt;&lt;&lt;&lt;&lt;&lt;&lt;&lt;&lt;&lt;&lt;&lt;&lt;&lt;&lt;&lt;&lt;&lt;&lt;',1),(348,'2024-02-05','16:28:19','<a href=\'my_timeline.php?user_no=2\'>@user02</a> ','user01','&lt;&lt;&lt;&lt;&lt;&lt;&lt;&lt;&lt;&lt;&lt;&lt;&lt;&lt;&lt;&lt;&lt;&lt;&lt;&lt;',1);
/*!40000 ALTER TABLE `tweet` ENABLE KEYS */;
UNLOCK TABLES;

--
-- Table structure for table `user`
--

DROP TABLE IF EXISTS `user`;
/*!40101 SET @saved_cs_client     = @@character_set_client */;
/*!50503 SET character_set_client = utf8mb4 */;
CREATE TABLE `user` (
  `user_no` int NOT NULL AUTO_INCREMENT,
  `id_name` varchar(16) NOT NULL,
  `free_name` varchar(80) NOT NULL,
  `password` char(64) NOT NULL,
  `profile` varchar(500) DEFAULT NULL,
  PRIMARY KEY (`user_no`),
  UNIQUE KEY `id_name` (`id_name`),
  UNIQUE KEY `id_name_2` (`id_name`)
) ENGINE=InnoDB AUTO_INCREMENT=19 DEFAULT CHARSET=utf8mb4 COLLATE=utf8mb4_0900_ai_ci;
/*!40101 SET character_set_client = @saved_cs_client */;

--
-- Dumping data for table `user`
--

LOCK TABLES `user` WRITE;
/*!40000 ALTER TABLE `user` DISABLE KEYS */;
INSERT INTO `user` VALUES (0,'Xblog','Xblog','9af15b336e6a9619928537df30b2e6a2376569fcf9d7e773eccede65606529a0','ご利用頂きありがとうございます。'),(1,'user01','&lt;&lt;&lt;&lt;&lt;&lt;&lt;&lt;&lt;&lt;&lt;&lt;&lt;&lt;&lt;&lt;&lt;&lt;&lt;&lt;','0ffe1abd1a08215353c233d6e009613e95eec4253832a761af28ff37ac5a150c','&lt;b&gt;越後製菓&lt;/b&gt;\r\n,,,,,,,,,,,,,,,,,,,,,,,,,,,'),(2,'user02','！！！！！！！！！！！！！！！！！！！！','edee29f882543b956620b26d0ee0e7e950399b1c4222f5de05e06425b4c995e9','&lt;b&gt;昨年結婚しました！&lt;/b&gt;'),(3,'user03','03大泉','318aee3fed8c9d040d35a7fc1fa776fb31303833aa2de885354ddf3d44d8fb69','推し（夫と子供）のために禁煙生活実施中'),(4,'user04','04竹内1ss','79f06f8fde333461739f220090a23cb2a79f6d714bee100d0e4b4af249294619','寿限無テンポすごいよね。すき'),(5,'user05','阿部博？？？？？？？？？？？？？？？？？','c1f330d0aff31c1c87403f1e4347bcc21aff7c179908723535f2b31723702525','ひろしです。本当に'),(7,'user06','user06','d7697570462f7562b83e81258de0f1e41832e98072e44c36ec8efec46786e24e',''),(8,'07PHP','user07','41c991eb6a66242c0454191244278183ce58cf4a6bcd372f799e4b9cc01886af',''),(9,'user08','user08','2926a2731f4b312c08982cacf8061eb14bf65c1a87cc5d70e864e079c6220731',''),(10,'user09','user09','888df25ae35772424a560c7152a1de794440e0ea5cfee62828333a456a506e05',''),(11,'user11','user11','0ffe1abd1a08215353c233d6e009613e95eec4253832a761af28ff37ac5a150c',''),(12,'user12','user12','0ffe1abd1a08215353c233d6e009613e95eec4253832a761af28ff37ac5a150c',''),(13,'user15','user15','0ffe1abd1a08215353c233d6e009613e95eec4253832a761af28ff37ac5a150c',''),(14,'user16','user16','0ffe1abd1a08215353c233d6e009613e95eec4253832a761af28ff37ac5a150c',''),(15,'user18','user18','0ffe1abd1a08215353c233d6e009613e95eec4253832a761af28ff37ac5a150c',''),(17,'user9999','アルバトロス','888df25ae35772424a560c7152a1de794440e0ea5cfee62828333a456a506e05',''),(18,'user2222','user2222','edee29f882543b956620b26d0ee0e7e950399b1c4222f5de05e06425b4c995e9','');
/*!40000 ALTER TABLE `user` ENABLE KEYS */;
UNLOCK TABLES;
/*!40103 SET TIME_ZONE=@OLD_TIME_ZONE */;

/*!40101 SET SQL_MODE=@OLD_SQL_MODE */;
/*!40014 SET FOREIGN_KEY_CHECKS=@OLD_FOREIGN_KEY_CHECKS */;
/*!40014 SET UNIQUE_CHECKS=@OLD_UNIQUE_CHECKS */;
/*!40101 SET CHARACTER_SET_CLIENT=@OLD_CHARACTER_SET_CLIENT */;
/*!40101 SET CHARACTER_SET_RESULTS=@OLD_CHARACTER_SET_RESULTS */;
/*!40101 SET COLLATION_CONNECTION=@OLD_COLLATION_CONNECTION */;
/*!40111 SET SQL_NOTES=@OLD_SQL_NOTES */;

-- Dump completed on 2024-02-05 16:45:46
